Code,Name,Description
P001,USB-C Hub,A virtual reality headset for immersive gaming and experiences.
P002,Portable Power Bank,A fast wireless charger compatible with multiple devices.
P003,Wireless Earbuds,A smart plug for controlling appliances remotely.
P004,Gaming Monitor,A portable projector with high-definition image quality.
P005,Mechanical Keyboard,A smartwatch with fitness tracking and notification features.
P006,Gaming Keyboard,A gaming monitor with high refresh rate and low input lag.
P007,Mechanical Keyboard,A smart home hub for connecting and controlling various devices.
P008,Smart Plug,A sturdy computer desk designed for gaming setups.
P009,Wireless Network Adapter,A high-precision wireless mouse suitable for gaming and work.
P010,Tablet Stand,A mechanical gaming keyboard with RGB backlighting and programmable keys.
P011,Tablet Stand,A portable power bank with fast charging capabilities.
P012,Monitor Stand,A responsive mechanical keyboard designed for professional gaming.
P013,Noise Cancelling Headphones,An ultra-wide monitor for multitasking and immersive experiences.
P014,Laptop Cooling Pad,An ergonomic mouse with customizable buttons for added comfort.
P015,Noise Cancelling Headphones,A virtual reality headset for immersive gaming and experiences.
P016,USB Microphone,A graphics tablet with a stylus for digital art and design.
P017,Wireless Printer,An ergonomic mouse with customizable buttons for added comfort.
P018,Smart Plug,A stable tablet stand for hands-free usage.
P019,Smart Plug,A portable projector with high-definition image quality.
P020,USB-C Hub,A voice assistant speaker for hands-free control of smart devices.
P021,Laptop Cooling Pad,A fitness tracker with heart rate monitoring and GPS.
P022,Gaming Keyboard,An action camera with 4K video recording and waterproof design.
P023,Noise Cancelling Headphones,A USB microphone with high-quality audio capture for streaming.
P024,Wireless Network Adapter,A 4K gaming monitor with HDR support for enhanced visuals.
P025,Tablet Stand,A laptop cooling pad with adjustable fan speeds.
P026,Stylus Pen,A high-resolution 4K webcam for professional video conferencing.
P027,4K Webcam,A compact Bluetooth speaker with rich sound and deep bass.
P028,Bluetooth Speaker,A voice assistant speaker for hands-free control of smart devices.
P029,Digital Photo Frame,A smart thermostat with energy-saving features and remote control.
P030,Smart Watch,A fitness tracker with heart rate monitoring and GPS.
P031,Smart Home Hub,A laptop cooling pad with adjustable fan speeds.
P032,Laptop Stand,A robot vacuum with smart navigation and automatic dirt disposal.
P033,USB Flash Drive,A portable Bluetooth receiver for connecting non-Bluetooth devices.
P034,Wireless Mouse,A wireless network adapter with fast data transfer speeds.
P035,Portable Bluetooth Receiver,A fitness tracker with heart rate monitoring and GPS.
P036,4K Gaming Monitor,A graphics tablet with a stylus for digital art and design.
P037,Laptop Backpack,A USB microphone with high-quality audio capture for streaming.
P038,4K Gaming Monitor,A smart plug for controlling appliances remotely.
P039,Graphics Tablet,A mechanical gaming keyboard with customizable macros.
P040,4K Gaming Monitor,A wireless printer with scanning and faxing capabilities.
P041,Wireless Mouse,A high-capacity USB flash drive for easy data storage.
P042,Stylus Pen,A smartwatch with fitness tracking and notification features.
P043,Wireless Network Adapter,A drone with a high-quality camera for aerial photography.
P044,Gaming Headset,A smart light bulb with adjustable brightness and color settings.
P045,Mechanical Keyboard,A pressure-sensitive stylus pen for precision drawing.
P046,Noise Cancelling Headphones,A high-precision wireless mouse suitable for gaming and work.
P047,VR Headset,A USB microphone with high-quality audio capture for streaming.
P048,4K Webcam,A 3D printer with high precision and multiple material support.
P049,Bluetooth Speaker,A smart light bulb with adjustable brightness and color settings.
P050,4K Webcam,A portable power bank with fast charging capabilities.
